<?xml version="1.0" encoding="UTF-8"?>
<imageExtraData>
    <subimage name="front_hillsB" handlePoint="0,0"/>
    <subimage name="houseA" handlePoint="0,0"/>
    <subimage name="front_hillsA" handlePoint="0,0"/>
    <subimage name="hillsA" handlePoint="0,0"/>
    <subimage name="hillsB" handlePoint="0,0"/>
    <subimage name="cliffA" handlePoint="0,0"/>
    <subimage name="cliffB" handlePoint="0,0"/>
    <subimage name="distant_hills" handlePoint="0,0"/>
    <subimage name="treesA" handlePoint="0,0"/>
    <subimage name="sky" handlePoint="0,0"/>
    <subimage name="empty" handlePoint="0,0"/>
</imageExtraData>
