<?xml version="1.0" encoding="UTF-8"?>
<spriteSheetImage>
    <subimage name="cliffWaterfallBack" x="2" y="2" width="640" height="768"/>
    <subimage name="cliffWaterfallFrontA" x="646" y="2" width="128" height="448"/>
    <subimage name="cliffWaterfallFrontB" x="778" y="2" width="64" height="448"/>
    <subimage name="cliffWaterfallAniC1" x="846" y="2" width="384" height="192"/>
    <subimage name="cliffWaterfallAniC2" x="846" y="198" width="384" height="192"/>
    <subimage name="cliffWaterfallAniC3" x="846" y="394" width="384" height="192"/>
    <subimage name="cliffWaterfallAniA1" x="846" y="590" width="384" height="64"/>
    <subimage name="cliffWaterfallAniA2" x="846" y="658" width="384" height="64"/>
    <subimage name="cliffWaterfallAniA3" x="2" y="774" width="384" height="64"/>
    <subimage name="cliffWaterfallAniA4" x="390" y="774" width="384" height="64"/>
    <subimage name="cliffWaterfallAniA5" x="778" y="774" width="384" height="64"/>
    <subimage name="cliffWaterfallAniA6" x="2" y="842" width="384" height="64"/>
    <subimage name="cliffWaterfallAniB1" x="390" y="842" width="384" height="64"/>
    <subimage name="cliffWaterfallAniB2" x="778" y="842" width="384" height="64"/>
    <subimage name="cliffWaterfallAniB3" x="2" y="910" width="384" height="64"/>
    <subimage name="cliffWaterfallAniB4" x="390" y="910" width="384" height="64"/>
    <subimage name="cliffWaterfallAniB5" x="778" y="910" width="384" height="64"/>
    <subimage name="cliffWaterfallAniB6" x="2" y="978" width="384" height="64"/>
</spriteSheetImage>
