<?xml version="1.0" encoding="UTF-8"?>
<imageExtraData>
    <subimage name="cliffWaterfallBack" handlePoint="0,0"/>
    <subimage name="cliffWaterfallFrontA" handlePoint="0,0"/>
    <subimage name="cliffWaterfallFrontB" handlePoint="0,0"/>
    <subimage name="cliffWaterfallAniC1" handlePoint="0,0"/>
    <subimage name="cliffWaterfallAniC2" handlePoint="0,0"/>
    <subimage name="cliffWaterfallAniC3" handlePoint="0,0"/>
    <subimage name="cliffWaterfallAniA1" handlePoint="0,0"/>
    <subimage name="cliffWaterfallAniA2" handlePoint="0,0"/>
    <subimage name="cliffWaterfallAniA3" handlePoint="0,0"/>
    <subimage name="cliffWaterfallAniA4" handlePoint="0,0"/>
    <subimage name="cliffWaterfallAniA5" handlePoint="0,0"/>
    <subimage name="cliffWaterfallAniA6" handlePoint="0,0"/>
    <subimage name="cliffWaterfallAniB1" handlePoint="0,0"/>
    <subimage name="cliffWaterfallAniB2" handlePoint="0,0"/>
    <subimage name="cliffWaterfallAniB3" handlePoint="0,0"/>
    <subimage name="cliffWaterfallAniB4" handlePoint="0,0"/>
    <subimage name="cliffWaterfallAniB5" handlePoint="0,0"/>
    <subimage name="cliffWaterfallAniB6" handlePoint="0,0"/>
</imageExtraData>
