<?xml version="1.0" encoding="UTF-8"?>
<spriteSheetImage>
    <subimage name="front_hillsB" x="2" y="2" width="1024" height="576"/>
    <subimage name="houseA" x="1030" y="2" width="960" height="576"/>
    <subimage name="front_hillsA" x="2" y="582" width="832" height="384"/>
    <subimage name="hillsA" x="838" y="582" width="832" height="192"/>
    <subimage name="hillsB" x="2" y="970" width="832" height="192"/>
    <subimage name="cliffA" x="2" y="1166" width="320" height="704"/>
    <subimage name="cliff_trees_hillA" x="326" y="1166" width="640" height="256"/>
    <subimage name="cliffB" x="1994" y="2" width="256" height="512"/>
    <subimage name="distant_hills" x="326" y="1426" width="512" height="192"/>
    <subimage name="treesA" x="970" y="1166" width="448" height="256"/>
    <subimage name="sky" x="1994" y="518" width="64" height="447"/>
    <subimage name="cliff_trees_hillB" x="326" y="1622" width="384" height="192"/>
    <subimage name="cloudA1" x="714" y="1622" width="360" height="84"/>
    <subimage name="cloudA2" x="714" y="1710" width="360" height="84"/>
    <subimage name="cloudB1" x="1078" y="1710" width="274" height="66"/>
    <subimage name="cloudB3" x="326" y="1818" width="270" height="49"/>
    <subimage name="cloudB2" x="1356" y="1710" width="216" height="61"/>
    <subimage name="cliff_treesA1" x="842" y="1426" width="192" height="192"/>
    <subimage name="cliff_treesA2" x="1038" y="1426" width="192" height="192"/>
    <subimage name="cliff_treesB1" x="1234" y="1426" width="128" height="188"/>
    <subimage name="cloudC1" x="600" y="1818" width="173" height="45"/>
    <subimage name="cloudC2" x="777" y="1818" width="173" height="45"/>
    <subimage name="cliff_treesC1" x="1366" y="1426" width="128" height="141"/>
    <subimage name="empty" x="1078" y="1622" width="64" height="64"/>
</spriteSheetImage>
