<?xml version="1.0" encoding="UTF-8"?>
<sourceGraphicSet name="world_tilesA">
    <images>
        <tileSheetImage file="media/graphics/world_tilesA.png"/>
    </images>
    <sprites>
        <sprite name="world_tilesA,0" imageName="0" imageFile="media/graphics/world_tilesA.png"/>
        <sprite name="world_tilesA,1" imageName="1" imageFile="media/graphics/world_tilesA.png"/>
        <sprite name="world_tilesA,2" imageName="2" imageFile="media/graphics/world_tilesA.png"/>
        <sprite name="world_tilesA,3" imageName="3" imageFile="media/graphics/world_tilesA.png"/>
        <sprite name="world_tilesA,4" imageName="4" imageFile="media/graphics/world_tilesA.png"/>
        <sprite name="world_tilesA,5" imageName="5" imageFile="media/graphics/world_tilesA.png"/>
        <sprite name="world_tilesA,6" imageName="6" imageFile="media/graphics/world_tilesA.png"/>
        <sprite name="world_tilesA,7" imageName="7" imageFile="media/graphics/world_tilesA.png"/>
        <sprite name="world_tilesA,8" imageName="8" imageFile="media/graphics/world_tilesA.png"/>
        <sprite name="world_tilesA,9" imageName="9" imageFile="media/graphics/world_tilesA.png"/>
        <sprite name="world_tilesA,10" imageName="10" imageFile="media/graphics/world_tilesA.png"/>
        <sprite name="world_tilesA,11" imageName="11" imageFile="media/graphics/world_tilesA.png"/>
        <sprite name="world_tilesA,12" imageName="12" imageFile="media/graphics/world_tilesA.png"/>
        <sprite name="world_tilesA,13" imageName="13" imageFile="media/graphics/world_tilesA.png"/>
        <sprite name="world_tilesA,14" imageName="14" imageFile="media/graphics/world_tilesA.png"/>
        <sprite name="world_tilesA,15" imageName="15" imageFile="media/graphics/world_tilesA.png"/>
        <sprite name="world_tilesA,16" imageName="16" imageFile="media/graphics/world_tilesA.png"/>
        <sprite name="world_tilesA,17" imageName="17" imageFile="media/graphics/world_tilesA.png"/>
        <sprite name="world_tilesA,18" imageName="18" imageFile="media/graphics/world_tilesA.png"/>
        <sprite name="world_tilesA,19" imageName="19" imageFile="media/graphics/world_tilesA.png"/>
        <sprite name="world_tilesA,20" imageName="20" imageFile="media/graphics/world_tilesA.png"/>
        <sprite name="world_tilesA,21" imageName="21" imageFile="media/graphics/world_tilesA.png"/>
        <sprite name="world_tilesA,22" imageName="22" imageFile="media/graphics/world_tilesA.png"/>
        <sprite name="world_tilesA,23" imageName="23" imageFile="media/graphics/world_tilesA.png"/>
        <sprite name="world_tilesA,24" imageName="24" imageFile="media/graphics/world_tilesA.png"/>
        <sprite name="world_tilesA,25" imageName="25" imageFile="media/graphics/world_tilesA.png"/>
        <sprite name="world_tilesA,26" imageName="26" imageFile="media/graphics/world_tilesA.png"/>
        <sprite name="world_tilesA,27" imageName="27" imageFile="media/graphics/world_tilesA.png"/>
        <sprite name="world_tilesA,28" imageName="28" imageFile="media/graphics/world_tilesA.png"/>
        <sprite name="world_tilesA,29" imageName="29" imageFile="media/graphics/world_tilesA.png"/>
        <sprite name="world_tilesA,30" imageName="30" imageFile="media/graphics/world_tilesA.png"/>
        <sprite name="world_tilesA,31" imageName="31" imageFile="media/graphics/world_tilesA.png"/>
        <sprite name="world_tilesA,32" imageName="32" imageFile="media/graphics/world_tilesA.png"/>
        <sprite name="world_tilesA,33" imageName="33" imageFile="media/graphics/world_tilesA.png"/>
        <sprite name="world_tilesA,34" imageName="34" imageFile="media/graphics/world_tilesA.png"/>
        <sprite name="world_tilesA,35" imageName="35" imageFile="media/graphics/world_tilesA.png"/>
        <sprite name="world_tilesA,36" imageName="36" imageFile="media/graphics/world_tilesA.png"/>
        <sprite name="world_tilesA,37" imageName="37" imageFile="media/graphics/world_tilesA.png"/>
        <sprite name="world_tilesA,38" imageName="38" imageFile="media/graphics/world_tilesA.png"/>
        <sprite name="world_tilesA,39" imageName="39" imageFile="media/graphics/world_tilesA.png"/>
        <sprite name="world_tilesA,40" imageName="40" imageFile="media/graphics/world_tilesA.png"/>
        <sprite name="world_tilesA,41" imageName="41" imageFile="media/graphics/world_tilesA.png"/>
        <sprite name="world_tilesA,42" imageName="42" imageFile="media/graphics/world_tilesA.png"/>
        <sprite name="world_tilesA,43" imageName="43" imageFile="media/graphics/world_tilesA.png"/>
        <sprite name="world_tilesA,44" imageName="44" imageFile="media/graphics/world_tilesA.png"/>
        <sprite name="world_tilesA,45" imageName="45" imageFile="media/graphics/world_tilesA.png"/>
        <sprite name="world_tilesA,46" imageName="46" imageFile="media/graphics/world_tilesA.png"/>
        <sprite name="world_tilesA,47" imageName="47" imageFile="media/graphics/world_tilesA.png"/>
        <sprite name="world_tilesA,48" imageName="48" imageFile="media/graphics/world_tilesA.png"/>
        <sprite name="world_tilesA,49" imageName="49" imageFile="media/graphics/world_tilesA.png"/>
        <sprite name="world_tilesA,50" imageName="50" imageFile="media/graphics/world_tilesA.png"/>
        <sprite name="world_tilesA,51" imageName="51" imageFile="media/graphics/world_tilesA.png"/>
        <sprite name="world_tilesA,52" imageName="52" imageFile="media/graphics/world_tilesA.png"/>
        <sprite name="world_tilesA,53" imageName="53" imageFile="media/graphics/world_tilesA.png"/>
        <sprite name="world_tilesA,54" imageName="54" imageFile="media/graphics/world_tilesA.png"/>
        <sprite name="world_tilesA,55" imageName="55" imageFile="media/graphics/world_tilesA.png"/>
        <sprite name="world_tilesA,56" imageName="56" imageFile="media/graphics/world_tilesA.png"/>
        <sprite name="world_tilesA,57" imageName="57" imageFile="media/graphics/world_tilesA.png"/>
        <sprite name="world_tilesA,58" imageName="58" imageFile="media/graphics/world_tilesA.png"/>
        <sprite name="world_tilesA,59" imageName="59" imageFile="media/graphics/world_tilesA.png"/>
    </sprites>
</sourceGraphicSet>
