<?xml version="1.0" encoding="UTF-8"?>
<sourceGraphicSet name="world_spritesA">
    <images>
        <spriteSheetImage file="media/graphics/world_spritesA.png"/>
    </images>
    <sprites>
        <sprite name="treeA" imageName="treeA" imageFile="media/graphics/world_spritesA.png"/>
        <sprite name="bushA" imageName="bushA" imageFile="media/graphics/world_spritesA.png"/>
        <sprite name="plantC" imageName="plantC" imageFile="media/graphics/world_spritesA.png"/>
        <sprite name="plantA" imageName="plantA" imageFile="media/graphics/world_spritesA.png"/>
        <sprite name="plantB" imageName="plantB" imageFile="media/graphics/world_spritesA.png"/>
        <sprite name="empty" imageName="empty" imageFile="media/graphics/world_spritesA.png"/>
    </sprites>
</sourceGraphicSet>
