<?xml version="1.0" encoding="UTF-8"?>
<sourceGraphicSet name="background_spritesA">
    <images>
        <spriteSheetImage file="media/graphics/background_spritesA.png"/>
        <singleImage file="media/graphics/test.png"/>
    </images>
    <sprites>
        <sprite name="front_hillsB" imageName="front_hillsB" imageFile="media/graphics/background_spritesA.png"/>
        <sprite name="front_hillsA" imageName="front_hillsA" imageFile="media/graphics/background_spritesA.png"/>
        <sprite name="cliffA" imageName="cliffA" imageFile="media/graphics/background_spritesA.png"/>
        <sprite name="cliff_trees_hillA" imageName="cliff_trees_hillA" imageFile="media/graphics/background_spritesA.png"/>
        <sprite name="cliffB" imageName="cliffB" imageFile="media/graphics/background_spritesA.png"/>
        <sprite name="distant_hills" imageName="distant_hills" imageFile="media/graphics/background_spritesA.png"/>
        <sprite name="treesA" imageName="treesA" imageFile="media/graphics/background_spritesA.png"/>
        <sprite name="sky" imageName="sky" imageFile="media/graphics/background_spritesA.png"/>
        <sprite name="cliff_trees_hillB" imageName="cliff_trees_hillB" imageFile="media/graphics/background_spritesA.png"/>
        <sprite name="cloudA1" imageName="cloudA1" imageFile="media/graphics/background_spritesA.png"/>
        <sprite name="cliff_treesA1" imageName="cliff_treesA1" imageFile="media/graphics/background_spritesA.png"/>
        <sprite name="cliff_treesA2" imageName="cliff_treesA2" imageFile="media/graphics/background_spritesA.png"/>
        <sprite name="cliff_treesB1" imageName="cliff_treesB1" imageFile="media/graphics/background_spritesA.png"/>
        <sprite name="cloudC1" imageName="cloudC1" imageFile="media/graphics/background_spritesA.png"/>
        <sprite name="cloudC2" imageName="cloudC2" imageFile="media/graphics/background_spritesA.png"/>
        <sprite name="cliff_treesC1" imageName="cliff_treesC1" imageFile="media/graphics/background_spritesA.png"/>
        <sprite name="houseA" imageName="houseA" imageFile="media/graphics/background_spritesA.png">
            <propertyAnimation name="ani1" loopCount="forever">
                <keyAnimation property="Scale">
                    <key time="0" easing="Linear" value1="1" value2="1" uniform="1"/>
                    <key time="1530" easing="Linear" value1="0.771429" value2="0.771429" uniform="1"/>
                    <key time="3000" easing="Linear" value1="1" value2="1" uniform="1"/>
                </keyAnimation>
            </propertyAnimation>
        </sprite>
        <sprite name="hillsA" imageName="hillsA" imageFile="media/graphics/background_spritesA.png"/>
        <sprite name="cloudA2" imageName="cloudA2" imageFile="media/graphics/background_spritesA.png"/>
        <sprite name="cloudB1" imageName="cloudB1" imageFile="media/graphics/background_spritesA.png"/>
        <sprite name="cloudB3" imageName="cloudB3" imageFile="media/graphics/background_spritesA.png"/>
        <sprite name="cloudB2" imageName="cloudB2" imageFile="media/graphics/background_spritesA.png"/>
        <sprite name="hillsB" imageName="hillsB" imageFile="media/graphics/background_spritesA.png"/>
        <sprite name="test" imageName="test" imageFile="media/graphics/test.png">
            <propertyAnimation name="testani" loopCount="forever">
                <keyAnimation property="Position">
                    <key time="0" easing="Linear" value1="0" value2="0"/>
                    <key time="1470" easing="Linear" value1="87.1429" value2="-127.143"/>
                    <key time="3000" easing="Linear" value1="0" value2="0"/>
                </keyAnimation>
            </propertyAnimation>
        </sprite>
    </sprites>
</sourceGraphicSet>
