<?xml version="1.0" encoding="UTF-8"?>
<composedSprite name="waterfall" set="waterfall" xHandle="0" yHandle="0">
    <layer name="Layer 1">
        <sprite name="cliffWaterfallBack" x="0" y="0"/>
    </layer>
    <layer name="Layer 2">
        <sprite name="waterAniB" x="128" y="128"/>
        <sprite name="waterAniA" x="128" y="192"/>
        <sprite name="waterAniA" x="128" y="256"/>
        <sprite name="waterAniA" x="128" y="320"/>
        <sprite name="waterAniA" x="128" y="384"/>
        <sprite name="waterAniA" x="128" y="448"/>
        <sprite name="waterAniA" x="128" y="512"/>
    </layer>
    <layer name="Layer 3">
        <sprite name="cliffWaterfallFrontA" x="384" y="128"/>
        <sprite name="cliffWaterfallFrontB" x="128" y="128"/>
    </layer>
    <layer name="Layer 4">
        <sprite name="waterAniC" x="128" y="448"/>
    </layer>
</composedSprite>
