<?xml version="1.0" encoding="UTF-8"?>
<sourceGraphicSet name="waterfall">
    <images>
        <spriteSheetImage file="media/graphics/background_waterfall.png"/>
    </images>
    <sprites>
        <sprite name="cliffWaterfallBack" imageName="cliffWaterfallBack" imageFile="media/graphics/background_waterfall.png"/>
        <sprite name="cliffWaterfallFrontA" imageName="cliffWaterfallFrontA" imageFile="media/graphics/background_waterfall.png"/>
        <sprite name="cliffWaterfallFrontB" imageName="cliffWaterfallFrontB" imageFile="media/graphics/background_waterfall.png"/>
        <sprite name="waterAniA">
            <image name="cliffWaterfallAniA1" file="media/graphics/background_waterfall.png" marker="1"/>
            <image name="cliffWaterfallAniA2" file="media/graphics/background_waterfall.png"/>
            <image name="cliffWaterfallAniA3" file="media/graphics/background_waterfall.png"/>
            <image name="cliffWaterfallAniA4" file="media/graphics/background_waterfall.png"/>
            <image name="cliffWaterfallAniA5" file="media/graphics/background_waterfall.png"/>
            <image name="cliffWaterfallAniA6" file="media/graphics/background_waterfall.png"/>
            <frameAnimation name="ani" loopCount="forever">
                <frame image="cliffWaterfallAniA1" duration="100"/>
                <frame image="cliffWaterfallAniA2" duration="100"/>
                <frame image="cliffWaterfallAniA3" duration="100"/>
                <frame image="cliffWaterfallAniA4" duration="100"/>
                <frame image="cliffWaterfallAniA5" duration="100"/>
                <frame image="cliffWaterfallAniA6" duration="100"/>
            </frameAnimation>
        </sprite>
        <sprite name="waterAniB">
            <image name="cliffWaterfallAniB1" file="media/graphics/background_waterfall.png" marker="1"/>
            <image name="cliffWaterfallAniB2" file="media/graphics/background_waterfall.png"/>
            <image name="cliffWaterfallAniB3" file="media/graphics/background_waterfall.png"/>
            <image name="cliffWaterfallAniB4" file="media/graphics/background_waterfall.png"/>
            <image name="cliffWaterfallAniB5" file="media/graphics/background_waterfall.png"/>
            <image name="cliffWaterfallAniB6" file="media/graphics/background_waterfall.png"/>
            <frameAnimation name="ani" loopCount="forever">
                <frame image="cliffWaterfallAniB1" duration="100"/>
                <frame image="cliffWaterfallAniB2" duration="100"/>
                <frame image="cliffWaterfallAniB3" duration="100"/>
                <frame image="cliffWaterfallAniB4" duration="100"/>
                <frame image="cliffWaterfallAniB5" duration="100"/>
                <frame image="cliffWaterfallAniB6" duration="100"/>
            </frameAnimation>
        </sprite>
        <sprite name="waterAniC">
            <image name="cliffWaterfallAniC1" file="media/graphics/background_waterfall.png" marker="1"/>
            <image name="cliffWaterfallAniC2" file="media/graphics/background_waterfall.png"/>
            <image name="cliffWaterfallAniC3" file="media/graphics/background_waterfall.png"/>
            <frameAnimation name="ani" loopCount="forever">
                <frame image="cliffWaterfallAniC1" duration="200"/>
                <frame image="cliffWaterfallAniC2" duration="200"/>
                <frame image="cliffWaterfallAniC3" duration="200"/>
            </frameAnimation>
        </sprite>
    </sprites>
</sourceGraphicSet>
